{"ATL": {"PTS": 117.5, "AST": 30.8, "REB": 42.2, "FG3M": 14.6, "DEF_RATING": 114.7, "OFF_RATING": 113.8, "PACE": 102.87, "PTS_ALLOWED": 117.99189}, "BOS": {"PTS": 115.1, "AST": 23.8, "REB": 45.4, "FG3M": 15.3, "DEF_RATING": 112.7, "OFF_RATING": 120.0, "PACE": 95.68, "PTS_ALLOWED": 107.83136}, "BKN": {"PTS": 116.0, "AST": 26.6, "REB": 46.1, "FG3M": 15.3, "DEF_RATING": 114.9, "OFF_RATING": 117.1, "PACE": 98.6, "PTS_ALLOWED": 113.2914}, "CHI": {"PTS": 117.0, "AST": 29.4, "REB": 45.0, "FG3M": 14.8, "DEF_RATING": 117.5, "OFF_RATING": 113.7, "PACE": 102.33, "PTS_ALLOWED": 120.23774999999999}, "CLE": {"PTS": 119.7, "AST": 28.7, "REB": 44.6, "FG3M": 14.7, "DEF_RATING": 113.4, "OFF_RATING": 117.2, "PACE": 101.8, "PTS_ALLOWED": 115.44120000000001}, "DAL": {"PTS": 114.2, "AST": 25.3, "REB": 45.1, "FG3M": 11.0, "DEF_RATING": 113.2, "OFF_RATING": 110.3, "PACE": 102.5, "PTS_ALLOWED": 116.03}, "DEN": {"PTS": 120.4, "AST": 28.0, "REB": 42.5, "FG3M": 13.8, "DEF_RATING": 116.8, "OFF_RATING": 121.0, "PACE": 98.41, "PTS_ALLOWED": 114.94287999999999}, "DET": {"PTS": 117.5, "AST": 26.8, "REB": 45.7, "FG3M": 11.2, "DEF_RATING": 108.4, "OFF_RATING": 116.4, "PACE": 100.64, "PTS_ALLOWED": 109.09376}, "GSW": {"PTS": 115.6, "AST": 28.7, "REB": 42.6, "FG3M": 16.4, "DEF_RATING": 112.2, "OFF_RATING": 114.3, "PACE": 100.72, "PTS_ALLOWED": 113.00784}, "HOU": {"PTS": 115.1, "AST": 24.8, "REB": 48.8, "FG3M": 11.3, "DEF_RATING": 112.2, "OFF_RATING": 117.3, "PACE": 96.73, "PTS_ALLOWED": 108.53106000000001}, "IND": {"PTS": 110.6, "AST": 25.9, "REB": 42.7, "FG3M": 12.6, "DEF_RATING": 116.2, "OFF_RATING": 108.5, "PACE": 101.57, "PTS_ALLOWED": 118.02434}, "LAC": {"PTS": 112.4, "AST": 23.6, "REB": 40.7, "FG3M": 12.8, "DEF_RATING": 115.8, "OFF_RATING": 115.6, "PACE": 96.7, "PTS_ALLOWED": 111.9786}, "LAL": {"PTS": 116.1, "AST": 25.2, "REB": 41.3, "FG3M": 11.8, "DEF_RATING": 116.5, "OFF_RATING": 116.5, "PACE": 99.53, "PTS_ALLOWED": 115.95245000000001}, "MEM": {"PTS": 115.3, "AST": 28.7, "REB": 45.5, "FG3M": 13.5, "DEF_RATING": 115.4, "OFF_RATING": 113.2, "PACE": 101.37, "PTS_ALLOWED": 116.98098000000002}, "MIA": {"PTS": 119.7, "AST": 28.7, "REB": 46.8, "FG3M": 13.4, "DEF_RATING": 111.7, "OFF_RATING": 113.7, "PACE": 104.92, "PTS_ALLOWED": 117.19564}, "MIL": {"PTS": 112.0, "AST": 26.4, "REB": 41.0, "FG3M": 14.7, "DEF_RATING": 116.6, "OFF_RATING": 113.0, "PACE": 98.56, "PTS_ALLOWED": 114.92096}, "MIN": {"PTS": 119.1, "AST": 26.3, "REB": 44.9, "FG3M": 14.2, "DEF_RATING": 112.8, "OFF_RATING": 116.6, "PACE": 101.39, "PTS_ALLOWED": 114.36792}, "NOP": {"PTS": 114.6, "AST": 24.9, "REB": 43.6, "FG3M": 11.1, "DEF_RATING": 118.4, "OFF_RATING": 112.3, "PACE": 101.07, "PTS_ALLOWED": 119.66688}, "NYK": {"PTS": 117.3, "AST": 26.8, "REB": 46.2, "FG3M": 15.0, "DEF_RATING": 113.1, "OFF_RATING": 118.6, "PACE": 98.51, "PTS_ALLOWED": 111.41481}, "OKC": {"PTS": 119.9, "AST": 25.6, "REB": 43.7, "FG3M": 13.4, "DEF_RATING": 105.9, "OFF_RATING": 117.7, "PACE": 100.94, "PTS_ALLOWED": 106.89546}, "ORL": {"PTS": 115.1, "AST": 26.3, "REB": 43.5, "FG3M": 11.3, "DEF_RATING": 114.1, "OFF_RATING": 113.4, "PACE": 100.78, "PTS_ALLOWED": 114.98998}, "PHI": {"PTS": 116.7, "AST": 24.9, "REB": 43.6, "FG3M": 12.9, "DEF_RATING": 113.8, "OFF_RATING": 115.4, "PACE": 99.53, "PTS_ALLOWED": 113.26513999999999}, "PHX": {"PTS": 113.6, "AST": 24.8, "REB": 42.9, "FG3M": 14.6, "DEF_RATING": 112.3, "OFF_RATING": 114.5, "PACE": 99.02, "PTS_ALLOWED": 111.19946}, "POR": {"PTS": 115.8, "AST": 24.5, "REB": 45.8, "FG3M": 14.3, "DEF_RATING": 115.4, "OFF_RATING": 113.2, "PACE": 101.84, "PTS_ALLOWED": 117.52336000000001}, "SAC": {"PTS": 110.8, "AST": 25.1, "REB": 41.1, "FG3M": 10.5, "DEF_RATING": 119.8, "OFF_RATING": 110.2, "PACE": 100.0, "PTS_ALLOWED": 119.8}, "SAS": {"PTS": 117.6, "AST": 26.3, "REB": 46.6, "FG3M": 13.0, "DEF_RATING": 111.1, "OFF_RATING": 116.5, "PACE": 100.8, "PTS_ALLOWED": 111.9888}, "TOR": {"PTS": 114.1, "AST": 29.5, "REB": 43.1, "FG3M": 11.5, "DEF_RATING": 112.1, "OFF_RATING": 114.0, "PACE": 99.37, "PTS_ALLOWED": 111.39377}, "UTA": {"PTS": 118.3, "AST": 30.1, "REB": 44.0, "FG3M": 12.9, "DEF_RATING": 121.7, "OFF_RATING": 113.6, "PACE": 102.88, "PTS_ALLOWED": 125.20495999999999}, "WAS": {"PTS": 112.1, "AST": 25.2, "REB": 43.5, "FG3M": 12.8, "DEF_RATING": 120.2, "OFF_RATING": 109.4, "PACE": 101.94, "PTS_ALLOWED": 122.53188}}